"sample_name"	"unit_name"	"fq1"	"fq2"	"sra"	"adapters"	"umis"
"CCS-E-P01_N"	"rep1"	"path/to/R1.fastq"	"path/to/R1.fastq"		"-a ACGGCTAGCTA -A AGATCGGAAGAGCACACGTCTGAACTCCAGTCAC"	
"CCS-E-P01_T"	"rep1"	"path/to/R1.fastq"	"path/to/R1.fastq"		"-a ACGGCTAGCTA -A AGATCGGAAGAGCACACGTCTGAACTCCAGTCAC"	
"CCS-E-P02_N"	"rep1"	"path/to/R1.fastq"	"path/to/R1.fastq"		"-a ACGGCTAGCTA -A AGATCGGAAGAGCACACGTCTGAACTCCAGTCAC"	
"CCS-E-P02_T"	"rep1"	"path/to/R1.fastq"	"path/to/R1.fastq"		"-a ACGGCTAGCTA -A AGATCGGAAGAGCACACGTCTGAACTCCAGTCAC"	
"CCS-E-P03_N"	"rep1"	"path/to/R1.fastq"	"path/to/R1.fastq"		"-a ACGGCTAGCTA -A AGATCGGAAGAGCACACGTCTGAACTCCAGTCAC"	
"CCS-E-P03_T"	"rep1"	"path/to/R1.fastq"	"path/to/R1.fastq"		"-a ACGGCTAGCTA -A AGATCGGAAGAGCACACGTCTGAACTCCAGTCAC"	
"CCS-E-P04_N"	"rep1"	"path/to/R1.fastq"	"path/to/R1.fastq"		"-a ACGGCTAGCTA -A AGATCGGAAGAGCACACGTCTGAACTCCAGTCAC"	
"CCS-E-P04_T"	"rep1"	"path/to/R1.fastq"	"path/to/R1.fastq"		"-a ACGGCTAGCTA -A AGATCGGAAGAGCACACGTCTGAACTCCAGTCAC"	
"CCS-E-P05_N"	"rep1"	"path/to/R1.fastq"	"path/to/R1.fastq"		"-a ACGGCTAGCTA -A AGATCGGAAGAGCACACGTCTGAACTCCAGTCAC"	
"CCS-E-P05_T"	"rep1"	"path/to/R1.fastq"	"path/to/R1.fastq"		"-a ACGGCTAGCTA -A AGATCGGAAGAGCACACGTCTGAACTCCAGTCAC"	
"CCS-E-P06_N"	"rep1"	"path/to/R1.fastq"	"path/to/R1.fastq"		"-a ACGGCTAGCTA -A AGATCGGAAGAGCACACGTCTGAACTCCAGTCAC"	
"CCS-E-P06_T"	"rep1"	"path/to/R1.fastq"	"path/to/R1.fastq"		"-a ACGGCTAGCTA -A AGATCGGAAGAGCACACGTCTGAACTCCAGTCAC"	
"CCS-E-P07_N"	"rep1"	"path/to/R1.fastq"	"path/to/R1.fastq"		"-a ACGGCTAGCTA -A AGATCGGAAGAGCACACGTCTGAACTCCAGTCAC"	
"CCS-E-P07_T"	"rep1"	"path/to/R1.fastq"	"path/to/R1.fastq"		"-a ACGGCTAGCTA -A AGATCGGAAGAGCACACGTCTGAACTCCAGTCAC"	
"CCS-E-P08_N"	"rep1"	"path/to/R1.fastq"	"path/to/R1.fastq"		"-a ACGGCTAGCTA -A AGATCGGAAGAGCACACGTCTGAACTCCAGTCAC"	
"CCS-E-P08_T"	"rep1"	"path/to/R1.fastq"	"path/to/R1.fastq"		"-a ACGGCTAGCTA -A AGATCGGAAGAGCACACGTCTGAACTCCAGTCAC"	
"CCS-E-P09_N"	"rep1"	"path/to/R1.fastq"	"path/to/R1.fastq"		"-a ACGGCTAGCTA -A AGATCGGAAGAGCACACGTCTGAACTCCAGTCAC"	
"CCS-E-P09_T"	"rep1"	"path/to/R1.fastq"	"path/to/R1.fastq"		"-a ACGGCTAGCTA -A AGATCGGAAGAGCACACGTCTGAACTCCAGTCAC"	
"CCS-HD-P01_N"	"rep1"	"path/to/R1.fastq"	"path/to/R1.fastq"		"-a ACGGCTAGCTA -A AGATCGGAAGAGCACACGTCTGAACTCCAGTCAC"	
"CCS-HD-P01_N"	"rep2"	"path/to/R1.fastq"	"path/to/R1.fastq"		"-a ACGGCTAGCTA -A AGATCGGAAGAGCACACGTCTGAACTCCAGTCAC"	
"CCS-HD-P01_T"	"rep1"	"path/to/R1.fastq"	"path/to/R1.fastq"		"-a ACGGCTAGCTA -A AGATCGGAAGAGCACACGTCTGAACTCCAGTCAC"	
"CCS-HD-P02_N"	"rep1"	"path/to/R1.fastq"	"path/to/R1.fastq"		"-a ACGGCTAGCTA -A AGATCGGAAGAGCACACGTCTGAACTCCAGTCAC"	
"CCS-HD-P02_T"	"rep1"	"path/to/R1.fastq"	"path/to/R1.fastq"		"-a ACGGCTAGCTA -A AGATCGGAAGAGCACACGTCTGAACTCCAGTCAC"	
"CCS-HD-P03_N"	"rep1"	"path/to/R1.fastq"	"path/to/R1.fastq"		"-a ACGGCTAGCTA -A AGATCGGAAGAGCACACGTCTGAACTCCAGTCAC"	
"CCS-HD-P03_T"	"rep1"	"path/to/R1.fastq"	"path/to/R1.fastq"		"-a ACGGCTAGCTA -A AGATCGGAAGAGCACACGTCTGAACTCCAGTCAC"	
"CCS-HD-P04_N"	"rep1"	"path/to/R1.fastq"	"path/to/R1.fastq"		"-a ACGGCTAGCTA -A AGATCGGAAGAGCACACGTCTGAACTCCAGTCAC"	
"CCS-HD-P04_T"	"rep1"	"path/to/R1.fastq"	"path/to/R1.fastq"		"-a ACGGCTAGCTA -A AGATCGGAAGAGCACACGTCTGAACTCCAGTCAC"	
"CCS-HD-P05_N"	"rep1"	"path/to/R1.fastq"	"path/to/R1.fastq"		"-a ACGGCTAGCTA -A AGATCGGAAGAGCACACGTCTGAACTCCAGTCAC"	
"CCS-HD-P05_N"	"rep2"	"path/to/R1.fastq"	"path/to/R1.fastq"		"-a ACGGCTAGCTA -A AGATCGGAAGAGCACACGTCTGAACTCCAGTCAC"	
"CCS-HD-P05_T"	"rep1"	"path/to/R1.fastq"	"path/to/R1.fastq"		"-a ACGGCTAGCTA -A AGATCGGAAGAGCACACGTCTGAACTCCAGTCAC"	
"CCS-HD-P05_T"	"rep2"	"path/to/R1.fastq"	"path/to/R1.fastq"		"-a ACGGCTAGCTA -A AGATCGGAAGAGCACACGTCTGAACTCCAGTCAC"	
"CCS-HD-P06_N"	"rep1"	"path/to/R1.fastq"	"path/to/R1.fastq"		"-a ACGGCTAGCTA -A AGATCGGAAGAGCACACGTCTGAACTCCAGTCAC"	
"CCS-HD-P06_T"	"rep1"	"path/to/R1.fastq"	"path/to/R1.fastq"		"-a ACGGCTAGCTA -A AGATCGGAAGAGCACACGTCTGAACTCCAGTCAC"	
"CCS-HD-P07_N"	"rep1"	"path/to/R1.fastq"	"path/to/R1.fastq"		"-a ACGGCTAGCTA -A AGATCGGAAGAGCACACGTCTGAACTCCAGTCAC"	
"CCS-HD-P07_T"	"rep1"	"path/to/R1.fastq"	"path/to/R1.fastq"		"-a ACGGCTAGCTA -A AGATCGGAAGAGCACACGTCTGAACTCCAGTCAC"	
"CCS-HD-P08_N"	"rep1"	"path/to/R1.fastq"	"path/to/R1.fastq"		"-a ACGGCTAGCTA -A AGATCGGAAGAGCACACGTCTGAACTCCAGTCAC"	
"CCS-HD-P08_N"	"rep2"	"path/to/R1.fastq"	"path/to/R1.fastq"		"-a ACGGCTAGCTA -A AGATCGGAAGAGCACACGTCTGAACTCCAGTCAC"	
"CCS-HD-P08_T"	"rep1"	"path/to/R1.fastq"	"path/to/R1.fastq"		"-a ACGGCTAGCTA -A AGATCGGAAGAGCACACGTCTGAACTCCAGTCAC"	
"CCS-HD-P08_T"	"rep2"	"path/to/R1.fastq"	"path/to/R1.fastq"		"-a ACGGCTAGCTA -A AGATCGGAAGAGCACACGTCTGAACTCCAGTCAC"	
"CCS-HD-P09_N"	"rep1"	"path/to/R1.fastq"	"path/to/R1.fastq"		"-a ACGGCTAGCTA -A AGATCGGAAGAGCACACGTCTGAACTCCAGTCAC"	
"CCS-HD-P09_N"	"rep2"	"path/to/R1.fastq"	"path/to/R1.fastq"		"-a ACGGCTAGCTA -A AGATCGGAAGAGCACACGTCTGAACTCCAGTCAC"	
"CCS-HD-P09_T"	"rep1"	"path/to/R1.fastq"	"path/to/R1.fastq"		"-a ACGGCTAGCTA -A AGATCGGAAGAGCACACGTCTGAACTCCAGTCAC"	
"CCS-HD-P09_T"	"rep2"	"path/to/R1.fastq"	"path/to/R1.fastq"		"-a ACGGCTAGCTA -A AGATCGGAAGAGCACACGTCTGAACTCCAGTCAC"	
"CCS-HD-P10_N"	"rep1"	"path/to/R1.fastq"	"path/to/R1.fastq"		"-a ACGGCTAGCTA -A AGATCGGAAGAGCACACGTCTGAACTCCAGTCAC"	
"CCS-HD-P10_T"	"rep1"	"path/to/R1.fastq"	"path/to/R1.fastq"		"-a ACGGCTAGCTA -A AGATCGGAAGAGCACACGTCTGAACTCCAGTCAC"	
"CCS-HD-P11_N"	"rep1"	"path/to/R1.fastq"	"path/to/R1.fastq"		"-a ACGGCTAGCTA -A AGATCGGAAGAGCACACGTCTGAACTCCAGTCAC"	
"CCS-HD-P11_N"	"rep2"	"path/to/R1.fastq"	"path/to/R1.fastq"		"-a ACGGCTAGCTA -A AGATCGGAAGAGCACACGTCTGAACTCCAGTCAC"	
"CCS-HD-P11_T"	"rep1"	"path/to/R1.fastq"	"path/to/R1.fastq"		"-a ACGGCTAGCTA -A AGATCGGAAGAGCACACGTCTGAACTCCAGTCAC"	
"CCS-HD-P11_T"	"rep2"	"path/to/R1.fastq"	"path/to/R1.fastq"		"-a ACGGCTAGCTA -A AGATCGGAAGAGCACACGTCTGAACTCCAGTCAC"	
"CCS-HD-P12_N"	"rep1"	"path/to/R1.fastq"	"path/to/R1.fastq"		"-a ACGGCTAGCTA -A AGATCGGAAGAGCACACGTCTGAACTCCAGTCAC"	
"CCS-HD-P12_N"	"rep2"	"path/to/R1.fastq"	"path/to/R1.fastq"		"-a ACGGCTAGCTA -A AGATCGGAAGAGCACACGTCTGAACTCCAGTCAC"	
"CCS-HD-P12_T"	"rep1"	"path/to/R1.fastq"	"path/to/R1.fastq"		"-a ACGGCTAGCTA -A AGATCGGAAGAGCACACGTCTGAACTCCAGTCAC"	
"CCS-HD-P12_T"	"rep2"	"path/to/R1.fastq"	"path/to/R1.fastq"		"-a ACGGCTAGCTA -A AGATCGGAAGAGCACACGTCTGAACTCCAGTCAC"	
"CCS-HD-P13_N"	"rep1"	"path/to/R1.fastq"	"path/to/R1.fastq"		"-a ACGGCTAGCTA -A AGATCGGAAGAGCACACGTCTGAACTCCAGTCAC"	
"CCS-HD-P13_T"	"rep1"	"path/to/R1.fastq"	"path/to/R1.fastq"		"-a ACGGCTAGCTA -A AGATCGGAAGAGCACACGTCTGAACTCCAGTCAC"	
"CCS-HD-P14_N"	"rep1"	"path/to/R1.fastq"	"path/to/R1.fastq"		"-a ACGGCTAGCTA -A AGATCGGAAGAGCACACGTCTGAACTCCAGTCAC"	
"CCS-HD-P14_N"	"rep2"	"path/to/R1.fastq"	"path/to/R1.fastq"		"-a ACGGCTAGCTA -A AGATCGGAAGAGCACACGTCTGAACTCCAGTCAC"	
"CCS-HD-P14_T"	"rep1"	"path/to/R1.fastq"	"path/to/R1.fastq"		"-a ACGGCTAGCTA -A AGATCGGAAGAGCACACGTCTGAACTCCAGTCAC"	
"CCS-HD-P14_T"	"rep2"	"path/to/R1.fastq"	"path/to/R1.fastq"		"-a ACGGCTAGCTA -A AGATCGGAAGAGCACACGTCTGAACTCCAGTCAC"	
"CCS-Q-P01_N"	"rep1"	"path/to/R1.fastq"	"path/to/R1.fastq"		"-a ACGGCTAGCTA -A AGATCGGAAGAGCACACGTCTGAACTCCAGTCAC"	
"CCS-Q-P01_N"	"rep2"	"path/to/R1.fastq"	"path/to/R1.fastq"		"-a ACGGCTAGCTA -A AGATCGGAAGAGCACACGTCTGAACTCCAGTCAC"	
"CCS-Q-P01_T"	"rep1"	"path/to/R1.fastq"	"path/to/R1.fastq"		"-a ACGGCTAGCTA -A AGATCGGAAGAGCACACGTCTGAACTCCAGTCAC"	
"CCS-Q-P02_N"	"rep1"	"path/to/R1.fastq"	"path/to/R1.fastq"		"-a ACGGCTAGCTA -A AGATCGGAAGAGCACACGTCTGAACTCCAGTCAC"	
"CCS-Q-P02_N"	"rep2"	"path/to/R1.fastq"	"path/to/R1.fastq"		"-a ACGGCTAGCTA -A AGATCGGAAGAGCACACGTCTGAACTCCAGTCAC"	
"CCS-Q-P02_T"	"rep1"	"path/to/R1.fastq"	"path/to/R1.fastq"		"-a ACGGCTAGCTA -A AGATCGGAAGAGCACACGTCTGAACTCCAGTCAC"	
"CCS-Q-P02_T"	"rep2"	"path/to/R1.fastq"	"path/to/R1.fastq"		"-a ACGGCTAGCTA -A AGATCGGAAGAGCACACGTCTGAACTCCAGTCAC"	
"CCS-CK-P1_N"	"rep1"	"path/to/R1.fastq"	"path/to/R1.fastq"		"-a ACGGCTAGCTA -A AGATCGGAAGAGCACACGTCTGAACTCCAGTCAC"	
"CCS-CK-P1_N"	"rep2"	"path/to/R1.fastq"	"path/to/R1.fastq"		"-a ACGGCTAGCTA -A AGATCGGAAGAGCACACGTCTGAACTCCAGTCAC"	
"CCS-CK-P1_N"	"rep3"	"path/to/R1.fastq"	"path/to/R1.fastq"		"-a ACGGCTAGCTA -A AGATCGGAAGAGCACACGTCTGAACTCCAGTCAC"	
"CCS-CK-P1_N"	"rep4"	"path/to/R1.fastq"	"path/to/R1.fastq"		"-a ACGGCTAGCTA -A AGATCGGAAGAGCACACGTCTGAACTCCAGTCAC"	
"CCS-CK-P1_T"	"rep1"	"path/to/R1.fastq"	"path/to/R1.fastq"		"-a ACGGCTAGCTA -A AGATCGGAAGAGCACACGTCTGAACTCCAGTCAC"	
"CCS-CK-P1_T"	"rep2"	"path/to/R1.fastq"	"path/to/R1.fastq"		"-a ACGGCTAGCTA -A AGATCGGAAGAGCACACGTCTGAACTCCAGTCAC"	
"CCS-CK-P1_T"	"rep3"	"path/to/R1.fastq"	"path/to/R1.fastq"		"-a ACGGCTAGCTA -A AGATCGGAAGAGCACACGTCTGAACTCCAGTCAC"	
"CCS-CK-P1_T"	"rep4"	"path/to/R1.fastq"	"path/to/R1.fastq"		"-a ACGGCTAGCTA -A AGATCGGAAGAGCACACGTCTGAACTCCAGTCAC"	
"CCS-CK-P2_N"	"rep1"	"path/to/R1.fastq"	"path/to/R1.fastq"		"-a ACGGCTAGCTA -A AGATCGGAAGAGCACACGTCTGAACTCCAGTCAC"	
"CCS-CK-P2_N"	"rep2"	"path/to/R1.fastq"	"path/to/R1.fastq"		"-a ACGGCTAGCTA -A AGATCGGAAGAGCACACGTCTGAACTCCAGTCAC"	
"CCS-CK-P2_N"	"rep3"	"path/to/R1.fastq"	"path/to/R1.fastq"		"-a ACGGCTAGCTA -A AGATCGGAAGAGCACACGTCTGAACTCCAGTCAC"	
"CCS-CK-P2_N"	"rep4"	"path/to/R1.fastq"	"path/to/R1.fastq"		"-a ACGGCTAGCTA -A AGATCGGAAGAGCACACGTCTGAACTCCAGTCAC"	
"CCS-CK-P2_N"	"rep5"	"path/to/R1.fastq"	"path/to/R1.fastq"		"-a ACGGCTAGCTA -A AGATCGGAAGAGCACACGTCTGAACTCCAGTCAC"	
"CCS-CK-P2_N"	"rep6"	"path/to/R1.fastq"	"path/to/R1.fastq"		"-a ACGGCTAGCTA -A AGATCGGAAGAGCACACGTCTGAACTCCAGTCAC"	
"CCS-CK-P2_N"	"rep7"	"path/to/R1.fastq"	"path/to/R1.fastq"		"-a ACGGCTAGCTA -A AGATCGGAAGAGCACACGTCTGAACTCCAGTCAC"	
"CCS-CK-P2_N"	"rep8"	"path/to/R1.fastq"	"path/to/R1.fastq"		"-a ACGGCTAGCTA -A AGATCGGAAGAGCACACGTCTGAACTCCAGTCAC"	
"CCS-CK-P2_T"	"rep1"	"path/to/R1.fastq"	"path/to/R1.fastq"		"-a ACGGCTAGCTA -A AGATCGGAAGAGCACACGTCTGAACTCCAGTCAC"	
"CCS-CK-P2_T"	"rep2"	"path/to/R1.fastq"	"path/to/R1.fastq"		"-a ACGGCTAGCTA -A AGATCGGAAGAGCACACGTCTGAACTCCAGTCAC"	
"CCS-CK-P2_T"	"rep3"	"path/to/R1.fastq"	"path/to/R1.fastq"		"-a ACGGCTAGCTA -A AGATCGGAAGAGCACACGTCTGAACTCCAGTCAC"	
"CCS-CK-P2_T"	"rep4"	"path/to/R1.fastq"	"path/to/R1.fastq"		"-a ACGGCTAGCTA -A AGATCGGAAGAGCACACGTCTGAACTCCAGTCAC"	
"CCS-CK-P2_T"	"rep5"	"path/to/R1.fastq"	"path/to/R1.fastq"		"-a ACGGCTAGCTA -A AGATCGGAAGAGCACACGTCTGAACTCCAGTCAC"	
"CCS-CK-P2_T"	"rep6"	"path/to/R1.fastq"	"path/to/R1.fastq"		"-a ACGGCTAGCTA -A AGATCGGAAGAGCACACGTCTGAACTCCAGTCAC"	
"CCS-CK-P2_T"	"rep7"	"path/to/R1.fastq"	"path/to/R1.fastq"		"-a ACGGCTAGCTA -A AGATCGGAAGAGCACACGTCTGAACTCCAGTCAC"	
"CCS-CK-P2_T"	"rep8"	"path/to/R1.fastq"	"path/to/R1.fastq"		"-a ACGGCTAGCTA -A AGATCGGAAGAGCACACGTCTGAACTCCAGTCAC"	
"CCS-CK-P3_N"	"rep1"	"path/to/R1.fastq"	"path/to/R1.fastq"		"-a ACGGCTAGCTA -A AGATCGGAAGAGCACACGTCTGAACTCCAGTCAC"	
"CCS-CK-P3_N"	"rep2"	"path/to/R1.fastq"	"path/to/R1.fastq"		"-a ACGGCTAGCTA -A AGATCGGAAGAGCACACGTCTGAACTCCAGTCAC"	
"CCS-CK-P3_N"	"rep3"	"path/to/R1.fastq"	"path/to/R1.fastq"		"-a ACGGCTAGCTA -A AGATCGGAAGAGCACACGTCTGAACTCCAGTCAC"	
"CCS-CK-P3_N"	"rep4"	"path/to/R1.fastq"	"path/to/R1.fastq"		"-a ACGGCTAGCTA -A AGATCGGAAGAGCACACGTCTGAACTCCAGTCAC"	
"CCS-CK-P3_N"	"rep5"	"path/to/R1.fastq"	"path/to/R1.fastq"		"-a ACGGCTAGCTA -A AGATCGGAAGAGCACACGTCTGAACTCCAGTCAC"	
"CCS-CK-P3_N"	"rep6"	"path/to/R1.fastq"	"path/to/R1.fastq"		"-a ACGGCTAGCTA -A AGATCGGAAGAGCACACGTCTGAACTCCAGTCAC"	
"CCS-CK-P3_N"	"rep7"	"path/to/R1.fastq"	"path/to/R1.fastq"		"-a ACGGCTAGCTA -A AGATCGGAAGAGCACACGTCTGAACTCCAGTCAC"	
"CCS-CK-P3_N"	"rep8"	"path/to/R1.fastq"	"path/to/R1.fastq"		"-a ACGGCTAGCTA -A AGATCGGAAGAGCACACGTCTGAACTCCAGTCAC"	
"CCS-CK-P3_T"	"rep1"	"path/to/R1.fastq"	"path/to/R1.fastq"		"-a ACGGCTAGCTA -A AGATCGGAAGAGCACACGTCTGAACTCCAGTCAC"	
"CCS-CK-P3_T"	"rep2"	"path/to/R1.fastq"	"path/to/R1.fastq"		"-a ACGGCTAGCTA -A AGATCGGAAGAGCACACGTCTGAACTCCAGTCAC"	
"CCS-CK-P3_T"	"rep3"	"path/to/R1.fastq"	"path/to/R1.fastq"		"-a ACGGCTAGCTA -A AGATCGGAAGAGCACACGTCTGAACTCCAGTCAC"	
"CCS-CK-P3_T"	"rep4"	"path/to/R1.fastq"	"path/to/R1.fastq"		"-a ACGGCTAGCTA -A AGATCGGAAGAGCACACGTCTGAACTCCAGTCAC"	
"CCS-CK-P3_T"	"rep5"	"path/to/R1.fastq"	"path/to/R1.fastq"		"-a ACGGCTAGCTA -A AGATCGGAAGAGCACACGTCTGAACTCCAGTCAC"	
"CCS-CK-P3_T"	"rep6"	"path/to/R1.fastq"	"path/to/R1.fastq"		"-a ACGGCTAGCTA -A AGATCGGAAGAGCACACGTCTGAACTCCAGTCAC"	
"CCS-CK-P3_T"	"rep7"	"path/to/R1.fastq"	"path/to/R1.fastq"		"-a ACGGCTAGCTA -A AGATCGGAAGAGCACACGTCTGAACTCCAGTCAC"	
"CCS-CK-P3_T"	"rep8"	"path/to/R1.fastq"	"path/to/R1.fastq"		"-a ACGGCTAGCTA -A AGATCGGAAGAGCACACGTCTGAACTCCAGTCAC"	
"CCS-CK-P3_T"	"rep9"	"path/to/R1.fastq"	"path/to/R1.fastq"		"-a ACGGCTAGCTA -A AGATCGGAAGAGCACACGTCTGAACTCCAGTCAC"	
"CCS-CK-P3_T"	"rep10"	"path/to/R1.fastq"	"path/to/R1.fastq"		"-a ACGGCTAGCTA -A AGATCGGAAGAGCACACGTCTGAACTCCAGTCAC"	
"CCS-CK-P3_T"	"rep11"	"path/to/R1.fastq"	"path/to/R1.fastq"		"-a ACGGCTAGCTA -A AGATCGGAAGAGCACACGTCTGAACTCCAGTCAC"	
"CCS-CK-P3_T"	"rep12"	"path/to/R1.fastq"	"path/to/R1.fastq"		"-a ACGGCTAGCTA -A AGATCGGAAGAGCACACGTCTGAACTCCAGTCAC"	
